Date,Open,High,Low,Close,Adj Close,Volume
2000/1/3,1368.692993,1522.824951,1361.213989,1516.604004,1516.604004,0
2000/1/10,1531.712036,1547.708008,1401.706055,1408.848022,1408.848022,0
2000/1/17,1408.988037,1476.456055,1402.662964,1465.084961,1465.084961,0
2000/1/24,1465.858032,1536.345947,1449.472046,1534.996948,1534.996948,0
2000/1/31,null,null,null,null,null,null
2000/2/7,null,null,null,null,null,null
2000/2/14,1591.444946,1770.880005,1583.582031,1668.090942,1668.090942,0
2000/2/21,1681.360962,1697.01001,1586.634033,1631.57605,1631.57605,0
2000/2/28,1639.79895,1750.64502,1639.696045,1738.020996,1738.020996,0
2000/3/6,1756.312988,1762.828979,1654.44397,1705.04895,1705.04895,0
2000/3/13,1706.769043,1729.006958,1596.072021,1658.600952,1658.600952,0
2000/3/20,1646.310059,1770.262939,1641.765015,1730.499023,1730.499023,0
2000/3/27,1736.696045,1811.062988,1736.696045,1800.224976,1800.224976,0
2000/4/3,1799.574951,1822.61499,1746.302002,1819.895996,1819.895996,0
2000/4/10,1826.610962,1840.188965,1785.327026,1833.665039,1833.665039,0
2000/4/17,1829.61499,1858.265015,1778.878052,1841.063965,1841.063965,0
2000/4/24,1844.694946,1848.973022,1797.713013,1836.321045,1836.321045,0
2000/5/1,null,null,null,null,null,null
2000/5/8,1848.172974,1852.902954,1715.057983,1720.608032,1720.608032,0
2000/5/15,1722.63501,1777.983032,1695.531006,1777.828003,1777.828003,0
2000/5/22,1785.894043,1890.686035,1783.303955,1879.616943,1879.616943,0
2000/5/29,1885.546021,1916.25,1868.609985,1916.25,1916.25,0
2000/6/5,1921.968994,1940.219971,1889.814941,1900.786987,1900.786987,0
2000/6/12,1896.427979,1949.171021,1884.615967,1926.94397,1926.94397,0
2000/6/19,1924.692993,1939.634033,1888.082031,1939.626953,1939.626953,0
2000/6/26,1946.697998,1953.338989,1924.473022,1928.105957,1928.105957,0
2000/7/3,1917.442017,1932.828979,1888.249023,1932.791992,1932.791992,0
2000/7/10,1938.843018,1987.223022,1932.954956,1987.192017,1987.192017,0
2000/7/17,1992.894043,2004.46106,1979.875,1996.33606,1996.33606,0
2000/7/24,1998.244995,2024.998047,1982.880981,2012.792969,2012.792969,0
2000/7/31,2016.144043,2041.282959,2008.636963,2026.360962,2026.360962,0
2000/8/7,2025.182007,2070.298096,2017.902954,2062.666016,2062.666016,0
2000/8/14,2065.935059,2097.314941,2065.935059,2090.183105,2090.183105,0
2000/8/21,2095.37793,2114.521973,1980.344971,2086.702881,2086.702881,0
2000/8/28,2092.12207,2108.096924,1997.717041,1999.859009,1999.859009,0
2000/9/4,1994.88501,2020.847046,1923.598022,1959.312012,1959.312012,0
2000/9/11,1963.270996,1995.317017,1956.078003,1978.43396,1978.43396,0
2000/9/18,1979.530029,1981.129028,1888.090942,1891.984009,1891.984009,0
2000/9/25,1889.904053,1917.061035,1874.209961,1910.161011,1910.161011,0
2000/10/2,null,null,null,null,null,null
2000/10/9,1912.07605,1948.014038,1897.238037,1918.156982,1918.156982,0
2000/10/16,1917.446045,1947.468994,1896.944946,1947.454956,1947.454956,0
2000/10/23,1952.956055,1980.625977,1945.526978,1967.405029,1967.405029,0
2000/10/30,1967.652954,1992.857056,1956.416992,1981.630981,1981.630981,0
2000/11/6,1983.072998,2051.341064,1982.750977,2047.458008,2047.458008,0
2000/11/13,2054.479004,2104.698975,2053.439941,2093.235107,2093.235107,0
2000/11/20,2092.591064,2125.724121,2045.514038,2053.370117,2053.370117,0
2000/11/27,2041.155029,2082.900879,2031.93103,2081.843018,2081.843018,0
2000/12/4,2084.483887,2097.289063,2060.729004,2073.163086,2073.163086,0
2000/12/11,2072.282959,2072.476074,2036.880981,2039.364014,2039.364014,0
2000/12/18,2038.447998,2086.938965,2024.286011,2069.768066,2069.768066,0
2000/12/25,2070.376953,2079.761963,2047.741943,2073.477051,2073.477051,0
2001/1/1,2077.075928,2127.418945,2074.88208,2125.300049,2125.300049,0
2001/1/8,2128.602051,2131.97998,2082.841064,2104.74707,2104.74707,0
2001/1/15,2097.091064,2097.092041,2007.706055,2065.605957,2065.605957,0
2001/1/22,null,null,null,null,null,null
2001/1/29,null,null,null,null,null,null
2001/2/5,2069.855957,2072.547119,1926.400024,1956.969971,1956.969971,0
2001/2/12,1958.655029,1973.999023,1911.870972,1941.963989,1941.963989,0
2001/2/19,1942.578979,1980.385986,1893.782959,1936.345947,1936.345947,0
2001/2/26,1940.77002,1987.389038,1935.546997,1985.110962,1985.110962,0
2001/3/5,1991.280029,2015.503052,1977.110962,2011.660034,2011.660034,0
2001/3/12,2013.312012,2027.333008,1992.171021,2020.235962,2020.235962,0
2001/3/19,2019.850952,2093.948975,2017.490967,2053.539063,2053.539063,0
2001/3/26,2052.054932,2112.878906,2052.054932,2112.774902,2112.774902,0
2001/4/2,2117.449951,2129.829102,2081.644043,2108.605957,2108.605957,0
2001/4/9,2108.968994,2145.437012,2100.971924,2145.399902,2145.399902,0
2001/4/16,2150.291992,2179.740967,2148.308105,2152.334961,2152.334961,0
2001/4/23,2150.341064,2170.386963,2102.824951,2115.108887,2115.108887,0
2001/4/30,2117.167969,2122.50293,2111.951904,2119.184082,2119.184082,0
2001/5/7,2119.897949,2155.422119,2119.894043,2155.405029,2155.405029,0
2001/5/14,2161.614014,2205.012939,2160.123047,2203.37207,2203.37207,0
2001/5/21,2207.781006,2218.445068,2175.2771,2193.575928,2193.575928,0
2001/5/28,2194.452881,2223.263916,2171.681885,2219.591064,2219.591064,0
2001/6/4,2223.910889,2242.690918,2211.75,2223.068115,2223.068115,0
2001/6/11,2223.794922,2245.435059,2188.25,2210.969971,2210.969971,0
2001/6/18,2211.89209,2214.10498,2157.12207,2206.066895,2206.066895,0
2001/6/25,2210.069092,2237.522949,2210.041016,2218.029053,2218.029053,0
2001/7/2,2220.418945,2223.207031,2168.780029,2170.520996,2170.520996,0
2001/7/9,2169.467041,2192.522949,2153.679932,2161.340088,2161.340088,0
2001/7/16,2176.336914,2183.51709,2121.283936,2179.624023,2179.624023,0
2001/7/23,2183.74292,2185.85498,2063.889893,2065.728027,2065.728027,0
2001/7/30,2056.762939,2056.772949,1909.296997,1958.692017,1958.692017,0
2001/8/6,1953.411987,1956.396973,1861.779053,1955.036011,1955.036011,0
2001/8/13,1956.925049,1963.137939,1909.672974,1924.003052,1924.003052,0
2001/8/20,1923.098999,1947.402954,1869.491943,1886.800049,1886.800049,0
2001/8/27,1881.30896,1881.30896,1795.567017,1834.137939,1834.137939,0
2001/9/3,1831.703003,1888.901001,1807.140991,1808.843994,1808.843994,0
2001/9/10,1790.209961,1871.130005,1774.832031,1818.381958,1818.381958,0
2001/9/17,1811.904053,1836.786011,1780.046021,1807.019043,1807.019043,0
2001/9/24,1804.886963,1813.307007,1750.764038,1764.866943,1764.866943,0
2001/10/1,null,null,null,null,null,null
2001/10/8,1766.133057,1773.797974,1598.792969,1691.32605,1691.32605,0
2001/10/15,1692.172974,1703.588013,1550.911987,1572.453003,1572.453003,0
2001/10/22,1558.468018,1744.922974,1514.862061,1677.878052,1677.878052,0
2001/10/29,1678.724976,1717.735962,1655.885986,1691.350952,1691.350952,0
2001/11/5,1687.839966,1688.30896,1550.464966,1630.359009,1630.359009,0
2001/11/12,1631.79895,1734.672974,1598.112061,1646.762939,1646.762939,0
2001/11/19,1645.092041,1721.968018,1644.81604,1712.563965,1712.563965,0
2001/11/26,1710.131958,1748,1695.995972,1747.993042,1747.993042,0
2001/12/3,1751.051025,1776.019043,1737.062988,1745.406982,1745.406982,0
2001/12/10,1743.625,1748.974976,1673.323975,1675.514038,1675.514038,0
2001/12/17,1673.241943,1693.18103,1624.495972,1640.141968,1640.141968,0
2001/12/24,1639.521973,1644.409058,1593.026001,1639.484009,1639.484009,0
2001/12/31,1641.427979,1649.800049,1608.828979,1611.392944,1611.392944,0
2002/1/7,1605.740967,1607.722046,1523.662964,1535.593018,1535.593018,0
2002/1/14,1519.932007,1519.932007,1376.887939,1415.437988,1415.437988,0
2002/1/21,1406.996948,1478.540039,1346.172974,1451.484009,1451.484009,0
2002/1/28,1444.500977,1507.639038,1339.199951,1485.77002,1485.77002,0
2002/2/4,1485.676025,1530.125977,1476.133057,1506.61499,1506.61499,0
2002/2/11,null,null,null,null,null,null
2002/2/18,null,null,null,null,null,null
2002/2/25,1540.493042,1544.921021,1501.55603,1502.540039,1502.540039,0
2002/3/4,1497.827026,1645.291992,1494.833984,1640.255981,1640.255981,0
2002/3/11,1643.589966,1676.505981,1620.562012,1620.975952,1620.975952,0
2002/3/18,1641.428955,1693.873047,1610.993042,1669.69397,1669.69397,0
2002/3/25,1667.853027,1677.045044,1596.254028,1603.905029,1603.905029,0
2002/4/1,1598.026001,1657.093994,1575.972046,1634.642944,1634.642944,0
2002/4/8,1633.831055,1680.297974,1631.067017,1658.979004,1658.979004,0
2002/4/15,1660.572021,1664.524048,1603.956055,1635.171997,1635.171997,0
2002/4/22,1633.641968,1643.152954,1603.636963,1640.588989,1640.588989,0
2002/4/29,1643.54895,1673.75,1640.55896,1667.749023,1667.749023,0
2002/5/6,1669.870972,1670.916992,1636.859985,1638.197998,1638.197998,0
2002/5/13,1634.901001,1634.916016,1540.57605,1567.496948,1567.496948,0
2002/5/20,1564.968018,1599.113037,1529.348022,1549.465942,1549.465942,0
2002/5/27,1555.041992,1569.411011,1506.541992,1515.733032,1515.733032,0
2002/6/3,1510.246948,1540.824951,1455.305054,1529.506958,1529.506958,0
2002/6/10,1529.33606,1534.376953,1493.244019,1494.245972,1494.245972,0
2002/6/17,1489.13501,1564.921997,1481.245972,1562.722046,1562.722046,0
2002/6/24,1704.697998,1748.890015,1647.498047,1732.755005,1732.755005,0
2002/7/1,1736.292969,1740.380981,1698.832031,1722.187988,1722.187988,0
2002/7/8,1723.578979,1741.917969,1689.223022,1698.297974,1698.297974,0
2002/7/15,1696.807983,1714.089966,1680.198975,1713.860962,1713.860962,0
2002/7/22,1712.017944,1712.32605,1656.822998,1657.499023,1657.499023,0
2002/7/29,1654.925049,1672.119995,1639.224976,1661.43103,1661.43103,0
2002/8/5,1661.404053,1679.811035,1642.770996,1647.046021,1647.046021,0
2002/8/12,1642.477051,1652.97998,1624.04895,1646.791992,1646.791992,0
2002/8/19,1645.93103,1696.276978,1641.402954,1683.207031,1683.207031,0
2002/8/26,1682.135986,1683.505005,1664.822021,1666.618042,1666.618042,0
2002/9/2,1666.340942,1680.279053,1629.927979,1631.384033,1631.384033,0
2002/9/9,1628.452026,1631.665039,1605.977051,1625.759033,1625.759033,0
2002/9/16,1624.133057,1624.136963,1585.067993,1604.912964,1604.912964,0
2002/9/23,1602.276001,1604.295044,1577.530029,1581.618042,1581.618042,0
2002/9/30,null,null,null,null,null,null
2002/10/7,1577.052002,1577.052002,1521.911011,1524.051025,1524.051025,0
2002/10/14,1522.871948,1548.525024,1500.542969,1519.53894,1519.53894,0
2002/10/21,1519.204956,1553.86499,1512.327026,1520.312988,1520.312988,0
2002/10/28,1518.08606,1521.870972,1488.678955,1510.76001,1510.76001,0
2002/11/4,1516.219971,1573.104004,1515.072021,1522.187012,1522.187012,0
2002/11/11,1519.603027,1526.131958,1451.391968,1463.69104,1463.69104,0
2002/11/18,1463.723999,1468.324951,1375.53894,1395.496948,1395.496948,0
2002/11/25,1393.340942,1450.187012,1353.139038,1434.182007,1434.182007,0
2002/12/2,1432.029053,1432.897949,1388.512939,1405.525024,1405.525024,0
2002/12/9,1404.512939,1410.793945,1367.312012,1396.897949,1396.897949,0
2002/12/16,1397.720947,1431.364014,1392.887939,1427.936035,1427.936035,0
2002/12/23,1429.95105,1439.849976,1367.852051,1382.970947,1382.970947,0
2002/12/30,1379.737061,1379.753052,1312.796021,1319.868042,1319.868042,0
2003/1/6,1319.687988,1411.374023,1311.68396,1384.859009,1384.859009,0
2003/1/13,1381.869995,1492.723022,1378.646973,1478.675049,1478.675049,0
2003/1/20,1475.71106,1489.551025,1446.348022,1479.069946,1479.069946,0
2003/1/27,1481.609009,1508.588013,1480.967041,1499.814941,1499.814941,0
2003/2/3,null,null,null,null,null,null
2003/2/10,1499.166016,1519.290039,1476.874023,1510.949951,1510.949951,0
2003/2/17,1510.640015,1517.765991,1476.415039,1478.870972,1478.870972,0
2003/2/24,1476.069946,1524.750977,1474.470947,1511.932007,1511.932007,0
2003/3/3,1511.584961,1529.751953,1489.384033,1493.093018,1493.093018,39000
2003/3/10,1492.208984,1496.16394,1458.5,1466.043945,1466.043945,22800
2003/3/17,1465.144043,1478.994995,1452.592041,1474.656982,1474.656982,31200
2003/3/24,1474.590942,1508.262939,1447.014038,1491.94104,1491.94104,42800
2003/3/31,1491.390991,1525.769043,1490.985962,1521.128052,1521.128052,51000
2003/4/7,1521.897949,1581.698975,1510.343994,1576.859985,1576.859985,116600
2003/4/14,1581.380005,1649.603027,1581.203979,1603.077026,1603.077026,160600
2003/4/21,1598.504028,1598.583008,1481.067993,1487.146973,1487.146973,80000
2003/4/28,1483.465942,1539.572998,1473.265991,1521.44397,1521.44397,61200
2003/5/5,null,null,null,null,null,null
2003/5/12,1522.980957,1560.723999,1477.251953,1554.452026,1554.452026,95000
2003/5/19,1557.293945,1571.688965,1522.187012,1560.954956,1560.954956,61600
2003/5/26,1563.204956,1581.612061,1543.340942,1576.260986,1576.260986,75400
2003/6/2,1577.987061,1582.411987,1538.097046,1538.920044,1538.920044,59400
2003/6/9,1536.272949,1572.412964,1527.834961,1566.765991,1566.765991,47600
2003/6/16,1568.187988,1569.546997,1528.301025,1529.469971,1529.469971,40600
2003/6/23,1524.577026,1524.909058,1486.081055,1497.053955,1497.053955,37600
2003/6/30,1493.689941,1510.171997,1477.873047,1502.348999,1502.348999,32200
2003/7/7,1500.850952,1535.974976,1490.967041,1528.854004,1528.854004,40200
2003/7/14,1528.392944,1540.19397,1506.487061,1507.161987,1507.161987,44600
2003/7/21,1501.390015,1510.307983,1471.286011,1477.651001,1477.651001,46600
2003/7/28,1474.735962,1483.067017,1464.865967,1476.968994,1476.968994,30400
2003/8/4,1476.823975,1497.102051,1468.437988,1471.271973,1471.271973,31200
2003/8/11,1469.261963,1484.584961,1447.109985,1450.203003,1450.203003,27000
2003/8/18,1449.667969,1453.446045,1432.753052,1438.883057,1438.883057,26200
2003/8/25,1434.212036,1434.212036,1406.68103,1421.983032,1421.983032,25600
2003/9/1,1423.353027,1456.552979,1420.123047,1431.532959,1431.532959,40600
2003/9/8,1429.463013,1429.71106,1407.952026,1409.161987,1409.161987,10086800
2003/9/15,1407.807007,1416.07605,1383.400024,1391.369995,1391.369995,30800
2003/9/22,1392.896973,1396.944946,1367.745972,1370.843018,1370.843018,26200
2003/9/29,1369.437012,1371.072998,1348.222046,1367.161011,1367.161011,10800
2003/10/6,1366.20105,1406.001953,1359.496948,1404.008057,1404.008057,22600
2003/10/13,1405.328979,1411.880005,1362.415039,1370.582031,1370.582031,32600
2003/10/20,1369.71106,1407.390015,1350.208008,1381.829956,1381.829956,46200
2003/10/27,1381.83606,1383.597046,1334.784058,1348.302979,1348.302979,50200
2003/11/3,1346.480957,1412.910034,1323.118042,1335.204956,1335.204956,80000
2003/11/10,1330.957031,1350.386963,1307.39502,1331.051025,1331.051025,43000
2003/11/17,1330.487061,1394.567993,1312.562012,1361.55896,1361.55896,71200
2003/11/24,1360.328003,1423.582031,1360.230957,1397.224976,1397.224976,87200
2003/12/1,1398.706055,1462.072998,1398.706055,1451.118042,1451.118042,92200
2003/12/8,1452.113037,1475.376953,1429.063965,1470.791992,1470.791992,77400
2003/12/15,1471.244019,1480.432983,1429.709961,1446.285034,1446.285034,81400
2003/12/22,1444.172974,1525.29895,1441.584961,1514.775024,1514.775024,107600
2003/12/29,1509.281006,1526.244019,1491.248047,1517.192993,1517.192993,60400
2004/1/5,1516.796997,1618.764038,1516.697021,1581.465942,1581.465942,152200
2004/1/12,1579.875,1627.485962,1573.77002,1600.425049,1600.425049,109000
2004/1/19,null,null,null,null,null,null
2004/1/26,1605.246948,1634.412964,1589.401001,1590.729004,1590.729004,42400
2004/2/2,1630.654053,1705.907959,1585.958008,1679.192993,1679.192993,159000
2004/2/9,1679.581055,1715.463989,1653.23999,1658.53894,1658.53894,130000
2004/2/16,1661.452026,1728.021973,1661.452026,1721.751953,1721.751953,132800
2004/2/23,1725.593994,1730.279053,1628.839966,1675.067017,1675.067017,123200
2004/3/1,1676.222046,1694.814941,1642.625,1662.095947,1662.095947,93600
2004/3/8,1660.641968,1699.249023,1634.709961,1694.743042,1694.743042,83000
2004/3/15,1696.942017,1755.100952,1696.823975,1747.871948,1747.871948,105200
2004/3/22,1749.708984,1760.07605,1720.875977,1734.046997,1734.046997,86400
2004/3/29,1734.589966,1771.671997,1711.66394,1768.64502,1768.64502,85600
2004/4/5,1771.737061,1783.006958,1721.589966,1727.348022,1727.348022,116000
2004/4/12,1717.203003,1734.917969,1656.302002,1693.860962,1693.860962,90000
2004/4/19,1695.333008,1698.69104,1632.55896,1635.500977,1635.500977,66600
2004/4/26,1633.269043,1644.501953,1572.22998,1595.587036,1595.587036,61400
2004/5/3,null,null,null,null,null,null
2004/5/10,1600.625977,1606.072021,1545.630981,1562.687988,1562.687988,45200
2004/5/17,1556.672974,1575.378052,1526.238037,1558.329956,1558.329956,50400
2004/5/24,1559.552002,1562.332031,1508.64502,1548.722046,1548.722046,44800
2004/5/31,1549.031006,1580.569946,1534.991943,1542.08606,1542.08606,51800
2004/6/7,1538.463013,1538.499023,1456.321045,1472.072021,1472.072021,51200
2004/6/14,1471.446045,1491.686035,1411.031006,1427.301025,1427.301025,50400
2004/6/21,1421.828003,1456.130005,1399.390991,1401.113037,1401.113037,45000
2004/6/28,1396.360962,1447.612061,1376.218018,1441.189941,1441.189941,50800
2004/7/5,1440.170044,1466.784058,1426.947998,1430.654053,1430.654053,42200
2004/7/12,1426.250977,1458.38501,1378.911987,1456.130005,1456.130005,60000
2004/7/19,1456.770996,1465.839966,1387.261963,1407.395996,1407.395996,57600
2004/7/26,1401.843018,1409.119019,1366.503052,1386.202026,1386.202026,46800
2004/8/2,1381.876953,1424.552979,1363.692993,1390.46106,1390.46106,51500
2004/8/9,1388.083984,1404.722046,1357.078979,1368.449951,1368.449951,38800
2004/8/16,1366.515991,1371.234009,1327.769043,1341.738037,1341.738037,37800
2004/8/23,1339.932983,1347.151001,1314.599976,1320.614014,1320.614014,34800
2004/8/30,1318.317993,1360.754028,1303.187988,1327.115967,1327.115967,39900
2004/9/6,1326.458984,1326.873047,1270.937012,1287.081055,1287.081055,33800
2004/9/13,1285.31897,1415.640015,1259.432007,1414.702026,1414.702026,102800
2004/9/20,1423.972046,1496.213989,1408.609985,1435.562988,1435.562988,170000
2004/9/27,1452.508057,1466.401978,1390.68396,1396.699951,1396.699951,60200
2004/10/4,1395.668945,1423.203979,1373.927979,1422.928955,1422.928955,13800
2004/10/11,1424.224976,1437.572021,1312.550049,1330.517944,1330.517944,85200
2004/10/18,1332.520996,1361.813965,1294.041016,1329.35498,1329.35498,69400
2004/10/25,1337.254028,1356.630981,1289.873047,1320.536011,1320.536011,93000
2004/11/1,1317.657959,1338.264038,1290.988037,1305.128052,1305.128052,60200
2004/11/8,1303.521973,1379.859985,1292.909058,1352.217041,1352.217041,81200
2004/11/15,1354.478027,1380.07605,1350.520996,1379.959961,1379.959961,66400
2004/11/22,1381.578979,1387.342041,1348.406006,1356.727051,1356.727051,73200
2004/11/29,1354.574951,1354.574951,1324.552979,1337.197021,1337.197021,55200
2004/12/6,1337.807007,1352.454956,1316.642944,1317.717041,1317.717041,55600
2004/12/13,1312.60498,1317.81604,1288.237061,1290.48999,1290.48999,44600
2004/12/20,1286.06604,1308.588989,1271.030029,1285.036011,1285.036011,44000
2004/12/27,1285.410034,1292.312988,1264.151978,1266.495972,1266.495972,41000
2005/1/3,1260.781982,1260.781982,1234.235962,1244.745972,1244.745972,33800
2005/1/10,1243.57605,1268.855957,1236.088989,1245.619995,1245.619995,40400
2005/1/17,1235.573975,1237.909058,1189.21106,1234.475952,1234.475952,57000
2005/1/24,1258.024048,1265.948975,1208.857056,1213.672974,1213.672974,57000
2005/1/31,1210.755005,1274.11499,1187.26001,1269.004028,1269.004028,74800
2005/2/7,null,null,null,null,null,null
2005/2/14,1276.015015,1291.464966,1258.561035,1258.968994,1258.968994,36200
2005/2/21,1259.527954,1328.532959,1259.509033,1312.444946,1312.444946,103600
2005/2/28,1311.438965,1316.723022,1276.880005,1287.713989,1287.713989,74000
2005/3/7,1288.407959,1326.07605,1278.152954,1289.94104,1289.94104,82200
2005/3/14,1288.984985,1304.112061,1223.61499,1227.402954,1227.402954,73000
2005/3/21,1226.142944,1232.817017,1187.581055,1205.634033,1205.634033,59000
2005/3/28,1204.849976,1237.800049,1162.031006,1223.56604,1223.56604,59600
2005/4/4,1212.118042,1249.203003,1183.906006,1248.520996,1248.520996,84200
2005/4/11,1248.150024,1254.31897,1213.203003,1216.962036,1216.962036,81800
2005/4/18,1212.391968,1212.391968,1163.401978,1169.187012,1169.187012,60600
2005/4/25,1166.342041,1172.709961,1135.733032,1159.145996,1159.145996,72800
2005/5/2,null,null,null,null,null,null
2005/5/9,1160.619995,1165.390015,1093.281006,1107.626953,1107.626953,60800
2005/5/16,1105.396973,1108.843994,1082.136963,1099.269043,1099.269043,52400
2005/5/23,1095.307983,1095.307983,1050.055054,1051.946045,1051.946045,50000
2005/5/30,1049.720947,1070.501953,1000.521973,1013.637024,1013.637024,49200
2005/6/6,1010.380981,1146.416992,998.228027,1108.286011,1108.286011,136000
2005/6/13,1105.96106,1119.676025,1064.026978,1085.609985,1085.609985,84000
2005/6/20,1087.848999,1115.862061,1073.410034,1101.881958,1101.881958,71800
2005/6/27,1108.464966,1129.958984,1053.630981,1055.593994,1055.593994,76000
2005/7/4,1050.241943,1050.241943,1015.398987,1017.982971,1017.982971,50800
2005/7/11,1026.790039,1049.880981,1004.080994,1026.11499,1026.11499,68000
2005/7/18,1023.380005,1054.63501,1004.656982,1046.321045,1046.321045,68000
2005/7/25,1045.269043,1097.634033,1040.592041,1083.032959,1083.032959,105800
2005/8/1,1082.796021,1129.067993,1081.118042,1128.743042,1128.743042,111600
2005/8/8,1131.802979,1192.04895,1130.584961,1167.915039,1167.915039,166200
2005/8/15,1167.032959,1201.755005,1132.86499,1150.18396,1150.18396,176800
2005/8/22,1148.972046,1174.536987,1139.239014,1171.859985,1171.859985,116800
2005/8/29,1171.999023,1188.912964,1140.098999,1188.848022,1188.848022,127400
2005/9/5,1189.064941,1204.456055,1168.581055,1189.625,1189.625,141800
2005/9/12,1189.746948,1218.94104,1181.43396,1212.947021,1212.947021,124800
2005/9/19,1213.485962,1223.564941,1147.19397,1151.97998,1151.97998,136200
2005/9/26,1150.932983,1158.697998,1129.053955,1155.614014,1155.614014,80400
2005/10/3,null,null,null,null,null,null
2005/10/10,1153.671997,1165.666016,1133.89502,1139.546997,1139.546997,75800
2005/10/17,1138.379028,1150.593994,1119.378052,1141.317993,1141.317993,88600
2005/10/24,1141.331055,1143.458984,1067.406982,1080.866943,1080.866943,88600
2005/10/31,1079.040039,1111.437012,1074.297974,1100.045044,1100.045044,77200
2005/11/7,1099.526978,1117.062988,1078.583008,1090.194946,1090.194946,73000
2005/11/14,1089.55896,1122.609985,1075.43103,1116.999023,1116.999023,68400
2005/11/21,1117.776001,1122.879028,1093.952026,1114.916016,1114.916016,75600
2005/11/28,1113.828979,1119.344971,1089.562012,1094.286987,1094.286987,55000
2005/12/5,1093.100952,1114.583984,1074.006958,1113.477051,1113.477051,56400
2005/12/12,1115.750977,1134.853027,1106.749023,1127.508057,1127.508057,67800
2005/12/19,1127.837036,1144.937988,1123.504028,1144.870972,1144.870972,61800
2005/12/26,1145.77002,1173.063965,1145.337036,1161.057007,1161.057007,90600
2006/1/2,1163.878052,1215.536011,1161.906006,1209.421997,1209.421997,87000
2006/1/9,1210.319946,1231.223022,1203.651001,1221.458984,1221.458984,141000
2006/1/16,1221.109985,1258.697998,1198.838989,1255.307983,1255.307983,138400
2006/1/23,1254.776978,1262.087036,1244.274048,1258.046021,1258.046021,85200
2006/1/30,null,null,null,null,null,null
2006/2/6,1263.003052,1297.404053,1263.003052,1282.656006,1282.656006,155800
2006/2/13,1283.776001,1300.994995,1265.140991,1267.407959,1267.407959,137400
2006/2/20,1268.107056,1297.938965,1256.807983,1296.865967,1296.865967,123200
2006/2/27,1297.687012,1308.196045,1275.624023,1293.296997,1293.296997,127400
2006/3/6,1292.746948,1296.847046,1238.156006,1245.652954,1245.652954,92200
2006/3/13,1245.300049,1277.19397,1245.300049,1269.462036,1269.462036,84200
2006/3/20,1269.581055,1308.057007,1264.410034,1294.703979,1294.703979,116800
2006/3/27,1296.06604,1313.125,1283.682007,1298.295044,1298.295044,132400
2006/4/3,1298.68396,1348.52002,1298.68396,1342.964966,1342.964966,190200
2006/4/10,1344.239014,1366.522949,1328.435059,1359.537964,1359.537964,201400
2006/4/17,1360.644043,1419.890991,1353.395996,1416.792969,1416.792969,208600
2006/4/24,1423.409058,1444.713989,1386.125977,1440.223022,1440.223022,225800
2006/5/1,null,null,null,null,null,null
2006/5/8,1446.991943,1603.21106,1446.991943,1602.832031,1602.832031,320600
2006/5/15,1616.259033,1678.598999,1582.962036,1659.545044,1659.545044,384600
2006/5/22,1656.754028,1674.220947,1562.386963,1613.894043,1613.894043,289200
2006/5/29,1622.108032,1695.579956,1609.005005,1669.399048,1669.399048,307800
2006/6/5,1669.235962,1692.824951,1540.93396,1551.384033,1551.384033,292200
2006/6/12,1540.215942,1574.474976,1512.520996,1574.467041,1574.467041,158200
2006/6/19,1559.984985,1617.713989,1544.93103,1605.71106,1605.71106,178400
2006/6/26,1607.786011,1690.953003,1607.786011,1672.21106,1672.21106,210600
2006/7/3,1677.311035,1757.472046,1670.015991,1730.189941,1730.189941,263200
2006/7/10,1730.697998,1753.275024,1633.897949,1665.208008,1665.208008,236800
2006/7/17,1662.046997,1684.671997,1636.259033,1665.328003,1665.328003,157200
2006/7/24,1648.749023,1701.610962,1632.687012,1662.031006,1662.031006,166000
2006/7/31,1659.535034,1659.535034,1567.250977,1570.150024,1570.150024,140400
2006/8/7,1561.801025,1610.762939,1541.412964,1605.926025,1605.926025,118800
2006/8/14,1605.202026,1616.453003,1564.397949,1598.017944,1598.017944,121800
2006/8/21,1565.457031,1630.046997,1558.099976,1623.034058,1623.034058,130200
2006/8/28,1627.123047,1667.530029,1624.281006,1636.69104,1636.69104,190000
2006/9/4,1635.332031,1683.890015,1635.121948,1667.984009,1667.984009,165400
2006/9/11,1668.161011,1722.660034,1653.01001,1721.045044,1721.045044,191800
2006/9/18,1727.915039,1746.61499,1719.160034,1725.360962,1725.360962,211400
2006/9/25,1722.744019,1755.69104,1704.774048,1752.42395,1752.42395,177800
2006/10/2,null,null,null,null,null,null
2006/10/9,1768.144043,1793.140991,1763.110962,1784.656006,1784.656006,253200
2006/10/16,1787.699951,1801.333984,1758.311035,1790.364014,1790.364014,205600
2006/10/23,1789.64502,1842.72998,1753.494019,1807.175049,1807.175049,251600
2006/10/30,1804.366943,1873.66394,1788.286987,1866.362061,1866.362061,241400
2006/11/6,1853.186035,1920.18396,1846.010986,1883.347046,1883.347046,249000
2006/11/13,1878.703979,1976.046021,1841.822998,1971.792969,1971.792969,253200
2006/11/20,1977.529053,2071.235107,1977.529053,2050.812012,2050.812012,299800
2006/11/27,2042.192993,2112.575928,1992.537964,2102.049072,2102.049072,317800
2006/12/4,2103.816895,2206.511963,2090.4021,2093.637939,2093.637939,459800
2006/12/11,2085.058105,2275.48999,2084.266113,2273.907959,2273.907959,309200
2006/12/18,2277.281982,2386.823975,2277.281982,2343.667969,2343.667969,397000
2006/12/25,2350.12793,2698.904053,2350.12793,2675.474121,2675.474121,384000
2007/1/1,2728.187988,2847.61499,2617.019043,2641.333984,2641.333984,226400
2007/1/8,2621.068115,2841.740967,2620.625,2668.110107,2668.110107,558400
2007/1/15,2660.070068,2870.422119,2658.878906,2832.207031,2832.207031,564800
2007/1/22,2857.895996,2994.281982,2720.826904,2882.558105,2882.558105,630200
2007/1/29,2897.253906,2980.51001,2666.862061,2673.211914,2673.211914,517000
2007/2/5,2658.073975,2751.162109,2541.524902,2730.385986,2730.385986,419800
2007/2/12,2729.835938,3036.345947,2728.782959,2998.474121,2998.474121,478800
2007/2/19,null,null,null,null,null,null
2007/2/26,2999.085938,3049.770996,2732.884033,2831.525879,2831.525879,616200
2007/3/5,2827.675049,2962.420898,2723.064941,2937.909912,2937.909912,468200
2007/3/12,2945.923096,2979.708008,2868.806885,2930.480957,2930.480957,547000
2007/3/19,2864.256104,3099.819092,2852.85791,3074.285889,3074.285889,546600
2007/3/26,3083.937988,3273.727051,3052.077881,3183.98291,3183.98291,653400
2007/4/2,3196.586914,3334.224121,3196.586914,3323.584961,3323.584961,552800
2007/4/9,3333.422119,3563.855957,3333.261963,3518.26709,3518.26709,718800
2007/4/16,3523.217041,3623.866943,3358.929932,3584.204102,3584.204102,753600
2007/4/23,3615.789063,3802.923096,3615.789063,3759.866943,3759.866943,739000
2007/4/30,3784.271973,3851.350098,3759.47998,3841.271973,3841.271973,146600
2007/5/7,3937.937988,4072.137939,3875.384033,4021.677979,4021.677979,680800
2007/5/14,3970.660889,4081.426025,3845.227051,4030.258057,4030.258057,697800
2007/5/21,3902.346924,4208.388184,3892.975098,4179.775879,4179.775879,826400
2007/5/28,4221.578125,4335.962891,3858.040039,4000.741943,4000.741943,870400
2007/6/4,3981.816895,3987.269043,3404.145996,3913.13501,3913.13501,696000
2007/6/11,3942.004883,4193.445801,3910.000977,4132.868164,4132.868164,697200
2007/6/18,4195.391113,4311.99707,4024.489014,4091.445068,4091.445068,621400
2007/6/25,4102.787109,4131.129883,3779.812988,3820.702881,3820.702881,474600
2007/7/2,3800.23291,3916.475098,3563.543945,3781.3479,3781.3479,344600
2007/7/9,3809.669922,3935.506104,3782.73291,3914.39502,3914.39502,312600
2007/7/16,3920.653076,4062.115967,3767.221924,4058.853027,4058.853027,291200
2007/7/23,4091.241943,4371.512207,4091.241943,4345.356934,4345.356934,526000
2007/7/30,4348.606934,4562.687988,4284.871094,4560.773926,4560.773926,560800
2007/8/6,4600.118164,4769.619141,4564.312988,4749.369141,4749.369141,546400
2007/8/13,4768.619141,4916.310059,4646.433105,4656.574219,4656.574219,475200
2007/8/20,4773.832031,5125.358887,4758.396973,5107.667969,5107.667969,520000
2007/8/27,5144.824219,5235.157227,5058.445801,5218.825195,5218.825195,527200
2007/9/3,5257.776855,5412.318848,5223.669922,5277.175781,5277.175781,569200
2007/9/10,5208.317871,5395.038086,5025.335938,5312.182129,5312.182129,490600
2007/9/17,5309.057129,5489.074219,5307.773926,5454.673828,5454.673828,477400
2007/9/24,5469.836914,5560.416992,5306.823242,5552.300781,5552.300781,381400
2007/10/1,null,null,null,null,null,null
2007/10/8,5683.310059,5959.36377,5620,5903.26416,5903.26416,485600
2007/10/15,5934.774902,6124.043945,5766.86084,5818.046875,5818.046875,383400
2007/10/22,5742.791016,5906.694824,5462.013184,5589.630859,5589.630859,296400
2007/10/29,5641.98291,6005.130859,5617.976074,5777.809082,5777.809082,299800
2007/11/5,5748.175781,5787.228027,5217.628906,5315.540039,5315.540039,248400
2007/11/12,5181.174805,5453.740234,5032.578125,5316.273926,5316.273926,238000
2007/11/19,5325.301758,5344.930176,4896.987793,5032.129883,5032.129883,202400
2007/11/26,5102.525879,5124.888184,4778.727051,4871.777832,4871.777832,193800
2007/12/3,4838.563965,5096.798828,4798.01416,5091.755859,5091.755859,244200
2007/12/10,5010.826172,5209.705078,4860.155762,5007.911133,5007.911133,328000
2007/12/17,5007.285156,5112.388184,4812.155762,5101.778809,5101.778809,284400
2007/12/24,5132.913086,5336.499023,5104.64502,5261.562988,5261.562988,395000
2007/12/31,5265,5372.460938,5201.89209,5361.574219,5361.574219,256000
2008/1/7,5357.450195,5500.061035,5332.597168,5484.676758,5484.676758,455600
2008/1/14,5507.578125,5522.777832,5039.786133,5180.51416,5180.51416,416400
2008/1/21,5188.794922,5200.925781,4510.503906,4761.687988,4761.687988,424000
2008/1/28,4720.563965,4720.563965,4195.75293,4320.76709,4320.76709,279400
2008/2/4,4415.022949,4672.213867,4415.022949,4599.695801,4599.695801,116000
2008/2/11,4525.025879,4576.98291,4431.462891,4497.126953,4497.126953,113400
2008/2/18,4546.751953,4695.801758,4333.033203,4370.285156,4370.285156,311800
2008/2/25,4370.187988,4391.333008,4123.305176,4348.542969,4348.542969,260800
2008/3/3,4323.698242,4472.150879,4210.962891,4300.515137,4300.515137,381600
2008/3/10,4265.61084,4272.979004,3891.699951,3962.673096,3962.673096,279200
2008/3/17,3941.258057,3941.258057,3516.330078,3796.575928,3796.575928,306800
2008/3/24,3830.345947,3840.479004,3357.229004,3580.145996,3580.145996,276200
2008/3/31,3465.907959,3555.823975,3271.290039,3446.243896,3446.243896,218200
2008/4/7,3418.516113,3656.960938,3344.870117,3492.893066,3492.893066,274800
2008/4/14,3419.047119,3427.884033,3078.174072,3094.667969,3094.667969,224400
2008/4/21,3305.1521,3658.551025,2990.788086,3557.749023,3557.749023,446600
2008/4/28,3497.383057,3705.093018,3453.279053,3693.105957,3693.105957,250600
2008/5/5,3739.797119,3786.023926,3523.024902,3613.493896,3613.493896,452000
2008/5/12,3548.614014,3706.721924,3508.320068,3624.23291,3624.23291,408000
2008/5/19,3615.593994,3632.006104,3355.083984,3473.091064,3473.091064,317000
2008/5/26,3442.291016,3486.332031,3333.950928,3433.354004,3433.354004,247400
2008/6/2,3426.195068,3483.610107,3312.720947,3329.669922,3329.669922,230400
2008/6/9,3202.113037,3215.500977,2865.5,2868.800049,2868.800049,188600
2008/6/16,2876.293945,2945.422119,2695.62793,2831.736084,2831.736084,281000
2008/6/23,2780.147949,2931.305908,2723.157959,2748.431885,2748.431885,280000
2008/6/30,2724.404053,2766.802979,2566.528076,2669.89209,2669.89209,244800
2008/7/7,2673.550049,2952.039063,2673.550049,2856.634033,2856.634033,410400
2008/7/14,2837.495117,2896.327881,2656.613037,2778.366943,2778.366943,294000
2008/7/21,2759.883057,2912.701904,2745.64209,2865.101074,2865.101074,324600
2008/7/28,2883.760986,2924.447021,2721.951904,2801.816895,2801.816895,263800
2008/8/4,2782.985107,2793.25708,2595.916992,2605.718994,2605.718994,208200
2008/8/11,2595.89502,2601.501953,2370.737061,2450.610107,2450.610107,187400
2008/8/18,2451.778076,2523.468994,2284.584961,2405.226074,2405.226074,273600
2008/8/25,2408.094971,2443.98999,2310.455078,2397.368896,2397.368896,197000
2008/9/1,2380.468018,2380.468018,2199.36499,2202.446045,2202.446045,185400
2008/9/8,2210.343994,2220.545898,2064.290039,2079.673096,2079.673096,174200
2008/9/15,2049.812988,2075.091064,1802.331055,2075.091064,2075.091064,216800
2008/9/22,2241.7229,2333.2771,2116.959961,2293.783936,2293.783936,484200
2008/9/29,null,null,null,null,null,null
2008/10/6,2267.394043,2267.394043,1963.182983,2000.572021,2000.572021,267800
2008/10/13,1978.560059,2146.72998,1901.503052,1930.651001,1930.651001,254600
2008/10/20,1924.177002,1996.657959,1825.526001,1839.620972,1839.620972,241000
2008/10/27,1809.224976,1809.224976,1664.925049,1728.786011,1728.786011,256400
2008/11/3,1713.762939,1788.258057,1678.957031,1747.713013,1747.713013,227800
2008/11/10,1782.305054,1987.260986,1782.305054,1986.437988,1986.437988,499200
2008/11/17,1981.264038,2050.878906,1883.834961,1969.389038,1969.389038,680200
2008/11/24,1961.206055,2022.483032,1856.286011,1871.156006,1871.156006,419600
2008/12/1,1865.743042,2055.207031,1838.099976,2018.656006,2018.656006,615400
2008/12/8,2049.162109,2100.805908,1932.271973,1954.214966,1954.214966,668400
2008/12/15,1977.027954,2038.656982,1907.82605,2018.463013,2018.463013,451600
2008/12/22,2016.453979,2016.453979,1832.35498,1851.517944,1851.517944,378000
2008/12/29,1846.303955,1862.937012,1814.751953,1820.805054,1820.805054,161800
2009/1/5,1849.02002,1948.233032,1844.093994,1904.860962,1904.860962,410200
2009/1/12,1897.703003,1984.728027,1861.811035,1954.437988,1954.437988,494400
2009/1/19,1971,2018.51001,1956.102051,1990.656982,1990.656982,445400
2009/1/26,null,null,null,null,null,null
2009/2/2,2008.134033,2185.085938,1987.129028,2181.239014,2181.239014,697200
2009/2/9,2211.316895,2323.120117,2191.886963,2320.791992,2320.791992,948200
2009/2/16,2338.758057,2402.806885,2190.4729,2261.478027,2261.478027,830800
2009/2/23,2249.289063,2313.593994,2064.917969,2082.852051,2082.852051,768000
2009/3/2,2066.229004,2241.760986,2037.024048,2193.00708,2193.00708,646200
2009/3/9,2205.746094,2232.674072,2086.018066,2128.8479,2128.8479,483000
2009/3/16,2122.407959,2294.116943,2108.612061,2281.086914,2281.086914,647600
2009/3/23,2286.246094,2392.769043,2274.89502,2374.437988,2374.437988,812800
2009/3/30,2377.964111,2456.811035,2299.157959,2419.778076,2419.778076,820800
2009/4/6,2422.100098,2449.537109,2331.876953,2444.226074,2444.226074,541600
2009/4/13,2468.083008,2549.312012,2464.061035,2503.935059,2503.935059,885400
2009/4/20,2500.173096,2579.218018,2422.789063,2448.594971,2448.594971,746600
2009/4/27,2443.436035,2491.072021,2372.343018,2477.569092,2477.569092,465600
2009/5/4,2486.685059,2634.061035,2486.225098,2625.64502,2625.64502,816400
2009/5/11,2646.287109,2670.212891,2558.962891,2645.262939,2645.262939,682600
2009/5/18,2632.569092,2688.112061,2578.593018,2597.601074,2597.601074,642800
2009/5/25,2555.342041,2635.312988,2538.62207,2632.929932,2632.929932,329800
2009/6/1,2668.399902,2791.648926,2668.399902,2753.891113,2753.891113,777400
2009/6/8,2753.344971,2828.739014,2721.854004,2743.761963,2743.761963,672800
2009/6/15,2743.031006,2886.499023,2727.739014,2880.491943,2880.491943,612200
2009/6/22,2900.572021,2946.897949,2841.9021,2928.210938,2928.210938,661200
2009/6/29,2930.312988,3088.862061,2918.389893,3088.366943,3088.366943,714000
2009/7/6,3091.478027,3140.043945,3011.214111,3113.931885,3113.931885,845800
2009/7/13,3098.956055,3221.068115,3076.302002,3189.740967,3189.740967,870000
2009/7/20,3203.887939,3398.049072,3192.904053,3372.603027,3372.603027,920800
2009/7/27,3377.716064,3454.019043,3174.214111,3412.062012,3412.062012,1069400
2009/8/3,3429.693115,3478.01001,3244.101074,3260.689941,3260.689941,942800
2009/8/10,3287.759033,3307.88501,3039.304932,3046.971924,3046.971924,607600
2009/8/17,2994.865967,3020.263916,2761.39502,2960.770996,2960.770996,582400
2009/8/24,2982.191895,3004.904053,2823.636963,2860.687988,2860.687988,658200
2009/8/31,2817.628906,2875.98291,2639.759033,2861.608887,2861.608887,558800
2009/9/7,2877.62207,2999.327881,2831.852051,2989.791992,2989.791992,619000
2009/9/14,2990.933105,3068.028076,2940.830078,2962.666992,2962.666992,764400
2009/9/21,2937.926025,2982.89502,2783.105957,2838.842041,2838.842041,545600
2009/9/28,2844.370117,2857.947998,2712.299072,2779.426025,2779.426025,210200
2009/10/5,2840.131104,2912.550049,2834.61792,2911.715088,2911.715088,85600
2009/10/12,2927.020996,3014.26001,2886.958984,2976.633057,2976.633057,488600
2009/10/19,2974.644043,3123.462891,2962.306885,3107.846924,3107.846924,641200
2009/10/26,3114.293945,3123.364014,2952.013916,2995.8479,2995.8479,551600
2009/11/2,2933.816895,3183.573975,2923.524902,3164.037109,3164.037109,742000
2009/11/9,3162.145996,3211.10498,3127.501953,3187.646973,3187.646973,697600
2009/11/16,3206.427979,3332.531006,3206.427979,3308.345947,3308.345947,875600
2009/11/23,3312.9729,3361.385986,3080.88501,3096.264893,3096.264893,975600
2009/11/30,3114.290039,3319.128906,3114.290039,3317.043945,3317.043945,854200
2009/12/7,3313.060059,3334.010986,3225.562988,3247.318115,3247.318115,577800
2009/12/14,3246.950928,3315.032959,3108.031006,3113.885986,3113.885986,530800
2009/12/21,3108.066895,3156.531006,3039.85791,3141.353027,3141.353027,426600
2009/12/28,3148.860107,3282.210938,3148.860107,3277.138916,3277.138916,439800
2010/1/4,3289.75,3295.86792,3149.01709,3195.99707,3195.99707,586200
2010/1/11,3301.611084,3306.75,3165.485107,3224.1521,3224.1521,692000
2010/1/18,3213.636963,3268.805908,3062.628906,3128.587891,3128.587891,675400
2010/1/25,3103.320068,3136.999023,2963.891113,2989.291992,2989.291992,402400
2010/2/1,2981.374023,3015.125977,2890.020996,2939.4021,2939.4021,468800
2010/2/8,2936.450928,3018.85791,2922.187012,3018.133057,3018.133057,293800
2010/2/15,null,null,null,null,null,null
2010/2/22,3016.702881,3067.524902,2938.75293,3051.943115,3051.943115,462800
2010/3/1,3057.006104,3102.397949,3011.087891,3031.064941,3031.064941,552200
2010/3/8,3036.415039,3085.993896,3011.970947,3013.412109,3013.412109,409200
2010/3/15,3010.721924,3069.662109,2963.437988,3067.75,3067.75,390200
2010/3/22,3069.659912,3083.344971,3009.905029,3059.715088,3059.715088,461600
2010/3/29,3076.048096,3159.5979,3071.689941,3157.957031,3157.957031,585000
2010/4/5,3170.612061,3177.968018,3110.256104,3145.346924,3145.346924,440400
2010/4/12,3151.887939,3181.663086,3101.48291,3130.302002,3130.302002,575600
2010/4/19,3096.783936,3096.783936,2941.350098,2983.537109,2983.537109,573000
2010/4/26,2988.076904,2996.827881,2820.948975,2870.611084,2870.611084,459400
2010/5/3,2821.354004,2862.554932,2665.812988,2688.383057,2688.383057,346000
2010/5/10,2690.858887,2751.070068,2604.197998,2696.628906,2696.628906,408600
2010/5/17,2663.88208,2663.88208,2481.974121,2583.521973,2583.521973,387000
2010/5/24,2596.318115,2686.541992,2583.548096,2655.76709,2655.76709,449200
2010/5/31,2647.86792,2665.389893,2521.056885,2553.593018,2553.593018,344400
2010/6/7,2508.329102,2590.979004,2491.646973,2569.940918,2569.940918,365800
2010/6/14,2588.965088,2595.509033,2505.326904,2513.221924,2513.221924,122200
2010/6/21,2517.291992,2598.353027,2504.314941,2552.816895,2552.816895,299800
2010/6/28,2550.648926,2561.485107,2319.739014,2382.900879,2382.900879,290600
2010/7/5,2358.75708,2485.600098,2335.571045,2470.923096,2470.923096,305800
2010/7/12,2468.541016,2501.023926,2389.071045,2424.270996,2424.270996,398800
2010/7/19,2399.580078,2579.522949,2392.272949,2572.028076,2572.028076,542000
2010/7/26,2576.37207,2656.407959,2556.466064,2637.50293,2637.50293,543000
2010/8/2,2635.806885,2681.784912,2589.988037,2658.39209,2658.39209,587800
2010/8/9,2656.364014,2676.090088,2564.837891,2606.699951,2606.699951,515400
2010/8/16,2603.791992,2701.929932,2596.770996,2642.306885,2642.306885,629200
2010/8/23,2637.820068,2667.170898,2588.643066,2610.741943,2610.741943,455800
2010/8/30,2622.266113,2662.875977,2604.487061,2655.394043,2655.394043,601800
2010/9/6,2667.195068,2704.933105,2628.829102,2663.208984,2663.208984,616000
2010/9/13,2665.655029,2703.781006,2583.336914,2598.688965,2598.688965,563000
2010/9/20,2601.481934,2607.346924,2573.628906,2591.550049,2591.550049,137600
2010/9/27,2600.540039,2655.999023,2597.138916,2655.657959,2655.657959,348200
2010/10/4,2681.25293,2747.804932,2677.993896,2738.743896,2738.743896,135800
2010/10/11,2755.025879,2971.159912,2755.025879,2971.159912,2971.159912,1026200
2010/10/18,2985.460938,3041.150879,2931.909912,2975.042969,2975.042969,950200
2010/10/25,2979.706055,3073.384033,2955.47998,2978.834961,2978.834961,858000
2010/11/1,2986.885986,3142.587891,2986.885986,3129.49707,3129.49707,989800
2010/11/8,3140.395996,3186.719971,2975.163086,2985.435059,2985.435059,1026000
2010/11/15,2984.87207,3016.131104,2806.644043,2888.565918,2888.565918,674000
2010/11/22,2861.605957,2904.969971,2791.583984,2871.697998,2871.697998,602200
2010/11/29,2861.148926,2881.159912,2758.924072,2842.429932,2842.429932,510800
2010/12/6,2850.38208,2884.530029,2792.520996,2841.040039,2841.040039,438400
2010/12/13,2850.324951,2939.050049,2847.657959,2893.73999,2893.73999,520400
2010/12/20,2857.589111,2917.197998,2813.496094,2835.156982,2835.156982,375400
2010/12/27,2842.806885,2876.811035,2721.479004,2808.076904,2808.076904,402800
2011/1/3,2825.329102,2868.004883,2807.870117,2838.801025,2838.801025,412400
2011/1/10,2832.62207,2847.35791,2770.337891,2791.343994,2791.343994,402200
2011/1/17,2772.449951,2780.941895,2667.285889,2715.293945,2715.293945,413000
2011/1/24,2716.523926,2759.439941,2661.447998,2752.75,2752.75,409200
2011/1/31,2751.5271,2805.049072,2748.538086,2798.959961,2798.959961,165000
2011/2/7,2778.700928,2835.410889,2760.175049,2827.327881,2827.327881,293000
2011/2/14,2828.571045,2939.283936,2828.571045,2899.791992,2899.791992,678600
2011/2/21,2886.540039,2944.413086,2839.195068,2878.564941,2878.564941,592600
2011/2/28,2880.169922,2944.458984,2861.816895,2942.305908,2942.305908,657400
2011/3/7,2952.720947,3012.043945,2927.683105,2933.795898,2933.795898,651400
2011/3/14,2923.981934,2939.6521,2850.945068,2906.88501,2906.88501,641200
2011/3/21,2913.913086,2985.083008,2884.750977,2977.813965,2977.813965,550000
2011/3/28,2985.355957,3005.781982,2914.384033,2967.409912,2967.409912,659800
2011/4/4,2964.211914,3031.096924,2963.898926,3030.020996,3030.020996,380800
2011/4/11,3037.909912,3062.530029,2994.465088,3050.525879,3050.525879,679400
2011/4/18,3040.531006,3067.456055,2992.672119,3010.51709,3010.51709,639200
2011/4/25,3003.031006,3003.610107,2871.01001,2911.51001,2911.51001,510800
2011/5/2,2911.51001,2933.459961,2834.456055,2863.885986,2863.885986,389800
2011/5/9,2868.235107,2897.141113,2832.253906,2871.031006,2871.031006,448600
2011/5/16,2864.376953,2884.141113,2821.202881,2858.458984,2858.458984,404000
2011/5/23,2853.285889,2853.285889,2708.548096,2709.947021,2709.947021,409200
2011/5/30,2704.485107,2744.934082,2676.538086,2728.02002,2728.02002,355800
2011/6/6,2720.969971,2754.12207,2672.320068,2705.143066,2705.143066,296000
2011/6/13,2687.653076,2735.552002,2641.39209,2642.818115,2642.818115,356200
2011/6/20,2635.833984,2759.709961,2610.98999,2746.210938,2746.210938,382800
2011/6/27,2746.787109,2778.667969,2727.25293,2759.362061,2759.362061,461000
2011/7/4,2770.939941,2825.123047,2770.939941,2797.772949,2797.772949,538200
2011/7/11,2789.454102,2821.339111,2752.186035,2820.168945,2820.168945,486600
2011/7/18,2821.35791,2826.958984,2763.417969,2770.790039,2770.790039,437000
2011/7/25,2759.62793,2759.62793,2677.118896,2701.729004,2701.729004,418200
2011/8/1,2697.574951,2712.887939,2605.135986,2626.423096,2626.423096,330400
2011/8/8,2599.289063,2614.189941,2437.679932,2593.173096,2593.173096,507400
2011/8/15,2598.137939,2636.360107,2513.753906,2534.35791,2534.35791,385600
2011/8/22,2534.570068,2616.635986,2507.781982,2612.187988,2612.187988,370000
2011/8/29,2595.466064,2615.13501,2517.61792,2528.280029,2528.280029,320400
2011/9/5,2510.100098,2528.422119,2459.542969,2497.75293,2497.75293,270200
2011/9/12,2467.72998,2499.480957,2439.37207,2482.343018,2482.343018,208000
2011/9/19,2469.600098,2517.673096,2400.141113,2433.158936,2433.158936,323600
2011/9/26,2416.226074,2441.729004,2348.217041,2359.218994,2359.218994,276400
2011/10/3,null,null,null,null,null,null
2011/10/10,2363.077881,2439.639893,2318.62793,2431.375,2431.375,345800
2011/10/17,2434.486084,2452.98999,2313.781982,2317.274902,2317.274902,310200
2011/10/24,2322.02002,2483.759033,2307.145996,2473.409912,2473.409912,461400
2011/10/31,2470.253906,2536.779053,2433.715088,2528.293945,2528.293945,516800
2011/11/7,2518.897949,2536.179932,2472.760986,2481.083984,2481.083984,389000
2011/11/14,2498.672119,2534.059082,2411.041992,2416.562012,2416.562012,392400
2011/11/21,2416.731934,2419.243896,2370.695068,2380.224121,2380.224121,249800
2011/11/28,2383.893066,2423.559082,2319.439941,2360.664063,2360.664063,336200
2011/12/5,2363.111084,2363.126953,2302.64209,2315.27002,2315.27002,231200
2011/12/12,2312.149902,2315.811035,2170.748047,2224.840088,2224.840088,256200
2011/12/19,2208.071045,2239.858887,2149.423096,2204.783936,2204.783936,272800
2011/12/26,2193.658936,2213.452881,2134.01709,2199.416992,2199.416992,235800
2012/1/2,2211.995117,2217.52002,2132.625977,2163.39502,2163.39502,158600
2012/1/9,2164.740967,2295.224121,2148.452881,2244.580078,2244.580078,413800
2012/1/16,2230.433105,2322.891113,2196.115967,2319.11792,2319.11792,366000
2012/1/23,null,null,null,null,null,null
2012/1/30,2324.49292,2336.26709,2263.342041,2330.405029,2330.405029,303200
2012/2/6,2334.248047,2368.979004,2278.824951,2351.980957,2351.980957,425000
2012/2/13,2332.054932,2374.281982,2325.028076,2357.180908,2357.180908,425200
2012/2/20,2383.686035,2439.977051,2345.052979,2439.626953,2439.626953,534600
2012/2/27,2447.406006,2478.375,2418.333984,2460.693115,2460.693115,550200
2012/3/5,2464.849121,2469.841064,2388.519043,2439.461914,2439.461914,508600
2012/3/12,2438.545898,2476.216064,2366.023926,2404.736084,2404.736084,614200
2012/3/19,2401.217041,2412.335938,2342.118896,2349.539063,2349.539063,452000
2012/3/26,2349.085938,2363.766113,2242.344971,2262.788086,2262.788086,336000
2012/4/2,2258.031006,2309.638916,2251.393066,2306.552002,2306.552002,152400
2012/4/9,2300.051025,2369.700928,2258.853027,2359.160889,2359.160889,398800
2012/4/16,2346.306885,2407.293945,2333.341064,2406.863037,2406.863037,488400
2012/4/23,2403.520996,2415.75,2350.398926,2396.315918,2396.315918,594600
2012/4/30,2421.082031,2453.730957,2407.788086,2452.013916,2452.013916,332400
2012/5/7,2441.75708,2451.947021,2393.37793,2394.981934,2394.981934,468000
2012/5/14,2408.261963,2411.270996,2338.240967,2344.520996,2344.520996,421800
2012/5/21,2343.574951,2378.076904,2327.407959,2333.552979,2333.552979,389000
2012/5/28,2325.316895,2393.279053,2309.072021,2373.436035,2373.436035,456800
2012/6/4,2346.983887,2348.198975,2276.714111,2281.447021,2281.447021,343000
2012/6/11,2282.891113,2319.714111,2278.163086,2306.850098,2306.850098,342800
2012/6/18,2313.530029,2325.052002,2253.789063,2260.876953,2260.876953,234000
2012/6/25,2253.513916,2253.513916,2188.716064,2225.429932,2225.429932,279400
2012/7/2,2234.320068,2244.832031,2185.521973,2223.579102,2223.579102,314800
2012/7/9,2210.714111,2216.697021,2152.675049,2185.89502,2185.89502,332600
2012/7/16,2187.886963,2197.790039,2138.791992,2168.637939,2168.637939,333000
2012/7/23,2154.170898,2158.947998,2120.629883,2128.764893,2128.764893,263400
2012/7/30,2128.158936,2137.736084,2100.251953,2132.795898,2132.795898,266000
2012/8/6,2129.147949,2176.794922,2127.262939,2168.813965,2168.813965,360600
2012/8/13,2164.042969,2164.042969,2100.787109,2114.891113,2114.891113,283200
2012/8/20,2102.230957,2124.195068,2089.018066,2092.104004,2092.104004,284600
2012/8/27,2085.373047,2085.373047,2032.536987,2047.521973,2047.521973,275200
2012/9/3,2044.823975,2145.00293,2029.052979,2127.761963,2127.761963,371600
2012/9/10,2128.064941,2140.167969,2107.218994,2123.846924,2123.846924,438400
2012/9/17,2120.616943,2121.583008,2018.262939,2026.689941,2026.689941,310000
2012/9/24,2015.766968,2089.633057,1999.484009,2086.168945,2086.168945,312200
2012/10/1,null,null,null,null,null,null
2012/10/8,2084.849121,2127.306885,2063.089111,2104.931885,2104.931885,361400
2012/10/15,2105.023926,2137.686035,2085.11499,2128.302002,2128.302002,326400
2012/10/22,2118.520996,2138.0271,2058.062988,2066.208984,2066.208984,369600
2012/10/29,2061.846924,2119.224121,2053.092041,2117.045898,2117.045898,333200
2012/11/5,2113.327881,2123.326904,2062.416992,2069.066895,2069.066895,323200
2012/11/12,2069.214111,2079.571045,2001.714966,2014.724976,2014.724976,265800
2012/11/19,2013.245972,2034.884033,1995.17395,2027.384033,2027.384033,238400
2012/11/26,2023.338989,2027.274048,1959.333984,1980.116943,1980.116943,258400
2012/12/3,1977.254028,2065.743896,1949.457031,2061.785889,2061.785889,440600
2012/12/10,2067.323975,2152.496094,2059.471924,2150.625,2150.625,520400
2012/12/17,2152.096924,2190.397949,2142.950928,2153.310059,2153.310059,567400
2012/12/24,2150.654053,2234.868896,2146.862061,2233.251953,2233.251953,588600
2012/12/31,2236.460938,2296.113037,2236.460938,2276.991943,2276.991943,267400
2013/1/7,2271.663086,2295.483887,2234.947021,2242.99707,2242.99707,608200
2013/1/14,2236.288086,2332.782959,2235.106934,2317.070068,2317.070068,708600
2013/1/21,2321.48999,2362.943115,2287.295898,2291.303955,2291.303955,655800
2013/1/28,2295.352051,2421.154053,2295.352051,2419.02002,2419.02002,700600
2013/2/4,2425.920898,2443.031982,2394.218018,2432.4021,2432.4021,664000
2013/2/11,null,null,null,null,null,null
2013/2/18,2441.906006,2444.803955,2308.76001,2314.164063,2314.164063,590800
2013/2/25,2320.61792,2369.648926,2289.885986,2359.506104,2359.506104,551200
2013/3/4,2332.080078,2352.020996,2259.24707,2318.611084,2318.611084,673000
2013/3/11,2314.683105,2333.285889,2250.004883,2278.400879,2278.400879,489400
2013/3/18,2267.287109,2331.995117,2232.022949,2328.278076,2328.278076,532400
2013/3/25,2334.735107,2344.894043,2228.812988,2236.621094,2236.621094,511000
2013/4/1,2229.459961,2253.420898,2217.251953,2225.294922,2225.294922,249000
2013/4/8,2196.238037,2242.479004,2180.673096,2206.780029,2206.780029,390000
2013/4/15,2199.914063,2250.110107,2165.783936,2244.643066,2244.643066,401200
2013/4/22,2236.4021,2245.118896,2173.864014,2177.912109,2177.912109,456800
2013/4/29,2170.782959,2222.811035,2161.139893,2205.49707,2205.49707,157000
2013/5/6,2212.495117,2255.208008,2212.495117,2246.831055,2246.831055,458000
2013/5/13,2247.677979,2288.091064,2205.873047,2282.870117,2282.870117,477600
2013/5/20,2286.327881,2314.183105,2270.25,2288.531982,2288.531982,617200
2013/5/27,2286.660889,2334.334961,2281.468018,2300.594971,2300.594971,585400
2013/6/3,2300.208984,2313.425049,2205.065918,2210.897949,2210.897949,446600
2013/6/10,2190.101074,2190.101074,2126.216064,2162.041016,2162.041016,172200
2013/6/17,2165.993896,2169.355957,2042.879028,2073.094971,2073.094971,378200
2013/6/24,2068.862061,2068.862061,1849.652954,1979.206055,1979.206055,555200
2013/7/1,1965.987061,2022.135986,1957.571045,2007.198975,2007.198975,449600
2013/7/8,1983.213989,2092.86792,1946.365967,2039.485962,2039.485962,519800
2013/7/15,2046.119019,2076.665039,1990.253052,1992.647949,1992.647949,498200
2013/7/22,1977.733032,2051.525879,1970.639038,2010.849976,2010.849976,471600
2013/7/29,1997.838013,2047.083984,1965.360962,2029.417969,2029.417969,410900
2013/8/5,2031.723999,2069.561035,2025.225952,2052.235107,2052.235107,478200
2013/8/12,2058.416016,2198.8479,2055.715088,2068.451904,2068.451904,619700
2013/8/19,2055.12793,2098.97998,2029.36499,2057.458008,2057.458008,495500
2013/8/26,2061.416992,2114.393066,2056.133057,2098.38208,2098.38208,710900
2013/9/2,2104.090088,2143.243896,2078.455078,2139.99292,2139.99292,699700
2013/9/9,2151.346924,2270.268066,2151.346924,2236.217041,2236.217041,1082600
2013/9/16,2244.462891,2248.470947,2172.042969,2191.851074,2191.851074,424400
2013/9/23,2199.361084,2223.068115,2149.593994,2160.0271,2160.0271,699600
2013/9/30,2167.733887,2176.302979,2165.162109,2174.665039,2174.665039,92800
2013/10/7,2171.904053,2228.871094,2161.489014,2228.145996,2228.145996,564300
2013/10/14,2232.218018,2242.983887,2183.246094,2193.780029,2193.780029,704800
2013/10/21,2198.114014,2230.284912,2122.677979,2132.955078,2132.955078,649000
2013/10/28,2135.878906,2163.656982,2093.197021,2149.562012,2149.562012,548300
2013/11/4,2156.086914,2166.170898,2103.51001,2106.126953,2106.126953,433400
2013/11/11,2103.299072,2153.212891,2078.988037,2135.826904,2135.826904,447100
2013/11/18,2147.373047,2211.065918,2143.768066,2196.37793,2196.37793,652500
2013/11/25,2186.058105,2234.386963,2176.177002,2220.503906,2220.503906,565700
2013/12/2,2203.12207,2260.871094,2172.633057,2237.10791,2237.10791,670800
2013/12/9,2241.792969,2250.503906,2183.842041,2196.074951,2196.074951,482900
2013/12/16,2197.233887,2201.696045,2082.85498,2084.793945,2084.793945,404100
2013/12/23,2089.539063,2111.804932,2068.542969,2101.250977,2101.250977,358900
2013/12/30,2108.883057,2120.273926,2075.898926,2083.13501,2083.13501,307600
2014/1/6,2078.684082,2078.684082,2008.006958,2013.297974,2013.297974,376100
2014/1/13,2014.978027,2034.707031,2000.404053,2004.948975,2004.948975,344400
2014/1/20,2001.894043,2060.986084,1984.823975,2054.39209,2054.39209,392100
2014/1/27,2044.271973,2051.583008,2026.987061,2033.083008,2033.083008,297800
2014/2/3,2022.322998,2044.72998,2014.697998,2044.496948,2044.496948,73600
2014/2/10,2049.983887,2122.825928,2049.983887,2115.8479,2115.8479,650800
2014/2/17,2124.879883,2177.978027,2098.327881,2113.693115,2113.693115,709200
2014/2/24,2099.717041,2099.717041,2014.380981,2056.302002,2056.302002,617600
2014/3/3,2052.074951,2079.48999,2030.946045,2057.907959,2057.907959,564100
2014/3/10,2042.352051,2042.634033,1974.381958,2004.338989,2004.338989,498600
2014/3/17,2009.881958,2052.471924,1986.071045,2047.619019,2047.619019,533100
2014/3/24,2050.826904,2079.551025,2035.243042,2041.712036,2041.712036,622900
2014/3/31,2043.045044,2066.00708,2024.185059,2058.831055,2058.831055,472200
2014/4/7,2054.530029,2146.669922,2052.899902,2130.541992,2130.541992,527300
2014/4/14,2127.408936,2134.434082,2081.185059,2097.748047,2097.748047,477100
2014/4/21,2085.97998,2103.077881,2035.56604,2036.519043,2036.519043,444800
2014/4/28,2033.337036,2035.98999,1997.640015,2026.358032,2026.358032,240500
2014/5/5,2022.177979,2038.704956,2001.300049,2011.13501,2011.13501,383000
2014/5/12,2022.932007,2061.059082,2012.69397,2026.504028,2026.504028,427100
2014/5/19,2023.014038,2041.959961,1991.055054,2034.56897,2034.56897,326600
2014/5/26,2042.027954,2057.076904,2029.33606,2039.212036,2039.212036,375500
2014/6/2,2039.196045,2049.575928,2012.912964,2029.956055,2029.956055,278000
2014/6/9,2024.942017,2073.595947,2023.197998,2070.715088,2070.715088,397700
2014/6/16,2070.698975,2087.322021,2010.530029,2026.67395,2026.67395,431000
2014/6/23,2026.225952,2043.982056,2018.359985,2036.51001,2036.51001,387800
2014/6/30,2038.613037,2066.641113,2038.526978,2059.375,2059.375,532700
2014/7/7,2058.12793,2064.433105,2033.004028,2046.96106,2046.96106,508600
2014/7/14,2047.744019,2075.49292,2044.901001,2059.066895,2059.066895,587800
2014/7/21,2057.76709,2127.217041,2049.175049,2126.614014,2126.614014,662600
2014/7/28,2135.249023,2218.789063,2135.249023,2185.302979,2185.302979,977600
2014/8/4,2190.035889,2226.837891,2180.596924,2194.425049,2194.425049,837600
2014/8/11,2199.433105,2230.990967,2198.313965,2226.733887,2226.733887,803600
2014/8/18,2229.803955,2248.938965,2211.629883,2240.812012,2240.812012,835100
2014/8/25,2241.100098,2241.552979,2193.262939,2217.199951,2217.199951,675900
2014/9/1,2220.128906,2327.556885,2217.685059,2326.431885,2326.431885,946500
2014/9/8,2328.426025,2343.594971,2302.774902,2331.949951,2331.949951,802500
2014/9/15,2330.187012,2347.935059,2282.794922,2329.450928,2329.450928,1092300
2014/9/22,2323.553955,2365.154053,2284.37793,2347.718018,2347.718018,955600
2014/9/29,2353.708008,2365.490967,2346.579102,2363.870117,2363.870117,394000
2014/10/6,2368.575928,2391.3479,2354.290039,2374.540039,2374.540039,665000
2014/10/13,2366.426025,2389.675049,2312.825928,2341.184082,2341.184082,1061000
2014/10/20,2346.052002,2361.653076,2296.656982,2302.280029,2302.280029,776300
2014/10/27,2293.572998,2423.595947,2279.835938,2420.177979,2420.177979,1194900
2014/11/3,2425.225098,2454.423096,2401.75,2419.145996,2419.145996,1384600
2014/11/10,2436.62793,2508.623047,2428.185059,2479.185059,2479.185059,1481000
2014/11/17,2506.864014,2508.76709,2437.476074,2487.111084,2487.111084,980700
2014/11/24,2505.531982,2683.179932,2495.520996,2682.918945,2682.918945,1844900
2014/12/1,2691.725098,2978.029053,2665.686035,2938.781006,2938.781006,2619800
2014/12/8,2907.814941,3091.323975,2807.677979,2938.173096,2938.173096,2764600
2014/12/15,2921.446045,3117.5271,2890.904053,3108.595947,3108.595947,2353700
2014/12/22,3129.26709,3189.866943,2934.910889,3157.603027,3157.603027,1954700
2014/12/29,3212.559082,3239.356934,3126.944092,3234.677002,3234.677002,1313800
2015/1/5,3258.626953,3404.833984,3253.883057,3285.412109,3285.412109,2206300
2015/1/12,3258.212891,3400.318115,3191.582031,3376.495117,3376.495117,1415400
2015/1/19,3189.727051,3406.785889,3095.065918,3351.763916,3351.763916,1888800
2015/1/26,3347.25708,3390.216064,3210.308105,3210.363037,3210.363037,1526900
2015/2/2,3148.135986,3251.211914,3052.938965,3075.906982,3075.906982,1301000
2015/2/9,3063.51001,3237.158936,3049.111084,3203.826904,3203.826904,1028600
2015/2/16,3206.136963,3255.725098,3195.884033,3246.906006,3246.906006,452100
2015/2/23,3256.479004,3324.545898,3202.187988,3310.302979,3310.302979,833800
2015/3/2,3332.720947,3336.76001,3221.666016,3241.187012,3241.187012,1625600
2015/3/9,3224.313965,3391.254883,3198.370117,3372.910889,3372.910889,1576000
2015/3/16,3391.157959,3632.337891,3377.086914,3617.318115,3617.318115,2519200
2015/3/23,3640.104004,3715.873047,3600.697998,3691.095947,3691.095947,2595100
2015/3/30,3710.612061,3864.405029,3710.612061,3863.928955,3863.928955,2526200
2015/4/6,3899.419922,4040.3479,3891.728027,4034.310059,4034.310059,2258000
2015/4/13,4072.7229,4317.223145,4031.243896,4287.295898,4287.295898,3066400
2015/4/20,4301.352051,4444.410156,4188.568848,4393.686035,4393.686035,3467800
2015/4/27,4441.929199,4572.391113,4398.63916,4441.654785,4441.654785,2485300
2015/5/4,4441.342773,4488.865234,4099.041992,4205.916992,4205.916992,2340800
2015/5/11,4231.270996,4415.628906,4187.819824,4308.690918,4308.690918,2410000
2015/5/18,4277.89502,4658.272949,4260.508789,4657.596191,4657.596191,2451500
2015/5/25,4660.075195,4986.50293,4431.562988,4611.744141,4611.744141,3462900
2015/6/1,4633.098145,5051.625977,4615.230957,5023.096191,5023.096191,3275800
2015/6/8,5045.693848,5178.190918,4997.480957,5166.350098,5166.350098,3371500
2015/6/15,5174.417969,5176.794922,4476.500977,4478.36377,4478.36377,2685800
2015/6/22,4471.612793,4720.701172,4139.529785,4192.873047,4192.873047,2154500
2015/6/29,4289.770996,4317.053223,3629.555908,3686.915039,3686.915039,3116000
2015/7/6,3975.214111,3975.214111,3373.540039,3877.802979,3877.802979,3453600
2015/7/13,3918.98999,4035.435059,3688.441895,3957.352051,3957.352051,2889400
2015/7/20,3948.420898,4184.449219,3912.801025,4070.907959,4070.907959,2755100
2015/7/27,3985.570068,4051.158936,3537.35791,3663.726074,3663.726074,2362600
2015/8/3,3614.98999,3782.352051,3549.496094,3744.205078,3744.205078,1708200
2015/8/10,3786.032959,4000.684082,3775.854004,3965.334961,3965.334961,2377000
2015/8/17,3947.843994,4006.336914,3490.540039,3507.743896,3507.743896,2239600
2015/8/24,3373.478027,3388.364014,2850.714111,3232.350098,3232.350098,1997100
2015/8/31,3203.559082,3207.862061,3019.086914,3160.166992,3160.166992,1268000
2015/9/7,3149.379883,3256.74292,3011.116943,3200.233887,3200.233887,1425100
2015/9/14,3221.165039,3229.481934,2983.534912,3097.916992,3097.916992,1400100
2015/9/21,3072.093994,3213.476074,3060.855957,3092.346924,3092.346924,1200200
2015/9/28,3085.566895,3103.069092,3021.156982,3052.781006,3052.781006,466500
2015/10/5,3156.074951,3192.717041,3133.126953,3183.1521,3183.1521,469200
2015/10/12,3193.540039,3393.018066,3188.406982,3391.352051,3391.352051,1690400
2015/10/19,3401.626953,3447.258057,3265.436035,3412.434082,3412.434082,1826700
2015/10/26,3448.648926,3457.51709,3332.615967,3382.561035,3382.561035,1466600
2015/11/2,3337.577881,3596.38208,3302.184082,3590.031982,3590.031982,1745500
2015/11/9,3588.498047,3673.76001,3564.809082,3580.839111,3580.839111,2001300
2015/11/16,3522.460938,3678.272949,3519.420898,3630.5,3630.5,1516100
2015/11/23,3630.866943,3668.375977,3412.427002,3436.302979,3436.302979,1498900
2015/11/30,3433.85498,3591.72998,3327.812012,3524.991943,3524.991943,1390900
2015/12/7,3529.805908,3543.945068,3410.924072,3434.581055,3434.581055,1011700
2015/12/14,3403.50708,3614.697998,3399.280029,3578.964111,3578.964111,1167000
2015/12/21,3568.581055,3684.566895,3565.750977,3628.000977,3628.000977,1279500
2015/12/28,3635.769043,3641.587891,3515.52002,3539.181885,3539.181885,817500
2016/1/4,3536.589111,3538.688965,3056.87793,3186.412109,3186.412109,1047200
2016/1/11,3131.853027,3166.215088,2867.552979,2900.969971,2900.969971,1085200
2016/1/18,2847.539063,3016.282959,2844.704102,2916.562012,2916.562012,938000
2016/1/25,2934.077881,2955.782959,2638.302002,2737.600098,2737.600098,937300
2016/2/1,2730.983887,2793.298096,2655.623047,2763.491943,2763.491943,774500
2016/2/8,null,null,null,null,null,null
2016/2/15,2684.960938,2893.215088,2682.090088,2860.020996,2860.020996,924800
2016/2/22,2888.5979,2933.964111,2715.874023,2767.209961,2767.209961,1106700
2016/2/29,2754.813965,2880.37207,2638.962891,2874.146973,2874.146973,1265600
2016/3/7,2886.639893,2911.839111,2772.551025,2810.306885,2810.306885,900600
2016/3/14,2830.083984,2971.551025,2819.794922,2955.149902,2955.149902,1058300
2016/3/21,2978.455078,3028.322021,2952.105957,2979.125977,2979.125977,1246600
2016/3/28,2988.01001,3023.408936,2905.250977,3009.530029,3009.530029,1022300
2016/4/4,3000.937988,3062.35791,2960.459961,2984.958008,2984.958008,897800
2016/4/11,3006.908936,3097.165039,3001.314941,3078.116943,3078.116943,1110500
2016/4/18,3058.462891,3058.462891,2905.049072,2959.23999,2959.23999,949500
2016/4/25,2949.9729,2976.021973,2916.374023,2938.323975,2938.323975,622500
2016/5/2,2940.39209,3004.417969,2913.035889,2913.248047,2913.248047,685700
2016/5/9,2896.162109,2896.162109,2781.236084,2827.108887,2827.108887,687600
2016/5/16,2816.774902,2860.321045,2781.416992,2825.48291,2825.48291,598900
2016/5/23,2826.312012,2848.071045,2780.762939,2821.045898,2821.045898,560100
2016/5/30,2814.650879,2945.519043,2794.660889,2938.681885,2938.681885,841700
2016/6/6,2940.993896,2945.941895,2908.366943,2927.158936,2927.158936,418000
2016/6/13,2897.272949,2911.157959,2811.781006,2885.10498,2885.10498,801200
2016/6/20,2887.635986,2919.302002,2807.5979,2854.285889,2854.285889,758500
2016/6/27,2840.559082,2944.989014,2840.2771,2932.476074,2932.476074,819500
2016/7/4,2924.292969,3024.108887,2922.52002,2988.093994,2988.093994,1061300
2016/7/11,2993.749023,3069.047119,2984.420898,3054.295898,3054.295898,1090600
2016/7/18,3047.636963,3058.321045,3007.457031,3012.815918,3012.815918,796900
2016/7/25,3008.093994,3057.424072,2939.227051,2979.339111,2979.339111,921800
2016/8/1,2971.948975,2991.677002,2931.962891,2976.696045,2976.696045,679800
2016/8/8,2972.625,3051.053955,2959.048096,3050.666992,3050.666992,820500
2016/8/15,3056.483887,3140.440918,3053.871094,3108.102051,3108.102051,1213400
2016/8/22,3107.381104,3112.73999,3041.504883,3070.309082,3070.309082,816200
2016/8/29,3068.459961,3088.704102,3050.491943,3067.352051,3067.352051,731900
2016/9/5,3070.707031,3105.677979,3053.187012,3078.85498,3078.85498,811500
2016/9/12,3037.50708,3040.951904,2995.416016,3002.849121,3002.849121,474800
2016/9/19,3005.322998,3054.435059,3005.322998,3033.895996,3033.895996,618700
2016/9/26,3028.24292,3028.24292,2969.13208,3004.702881,3004.702881,585100
2016/10/3,null,null,null,null,null,null
2016/10/10,3020.457031,3066.104004,3014.620117,3063.809082,3063.809082,780100
2016/10/17,3064.690918,3101.849121,3033.75293,3090.940918,3090.940918,876300
2016/10/24,3092.047119,3137.033936,3090.785889,3104.27002,3104.27002,975400
2016/10/31,3097.187988,3141.333984,3081.072021,3125.316895,3125.316895,915100
2016/11/7,3124.89209,3202.73999,3096.947021,3196.043945,3196.043945,1166400
2016/11/14,3187.708984,3221.458008,3186.795898,3192.855957,3192.855957,1216300
2016/11/21,3188.496094,3262.878906,3188.280029,3261.937988,3261.937988,1208500
2016/11/28,3270.047119,3301.212891,3235.2771,3243.843018,3243.843018,1343400
2016/12/5,3203.783936,3244.801025,3189.485107,3232.883057,3232.883057,924400
2016/12/12,3233.666016,3245.094971,3100.913086,3122.981934,3122.981934,1016300
2016/12/19,3120.696045,3143.168945,3084.800049,3110.154053,3110.154053,832300
2016/12/26,3095.579102,3127.883057,3068.415039,3103.636963,3103.636963,695700
2017/1/2,3105.309082,3172.034912,3105.309082,3154.321045,3154.321045,667900
2017/1/9,3148.531982,3174.577881,3102.163086,3112.763916,3112.763916,835100
2017/1/16,3104.491943,3125.659912,3044.291016,3123.138916,3123.138916,772200
2017/1/23,3125.420898,3163.104004,3125.420898,3159.166016,3159.166016,484700
2017/1/30,3160.082031,3162.677002,3136.012939,3140.169922,3140.169922,92200
2017/2/6,3143.093018,3205.049072,3132.032959,3196.698975,3196.698975,831300
2017/2/13,3198.995117,3238.395996,3198.995117,3202.075928,3202.075928,1093700
2017/2/20,3198.962891,3264.082031,3198.962891,3253.433105,3253.433105,1047000
2017/2/27,3249.195068,3259.978027,3206.613037,3218.312012,3218.312012,862800
2017/3/6,3217.334961,3245.303955,3205.279053,3212.76001,3212.76001,785000
2017/3/13,3209.448975,3274.189941,3193.156982,3237.447021,3237.447021,844700
2017/3/20,3241.110107,3275.207031,3221.934082,3269.445068,3269.445068,935700
2017/3/27,3268.924072,3283.239014,3195.852051,3222.513916,3222.513916,1023200
2017/4/3,3235.659912,3295.187012,3233.237061,3286.615967,3286.615967,729700
2017/4/10,3285.458984,3290.388916,3238.895996,3244.48291,3244.48291,1198800
2017/4/17,3229.948975,3229.948975,3147.065918,3173.150879,3173.150879,970300
2017/4/24,3164.248047,3164.248047,3097.333008,3154.657959,3154.657959,884300
2017/5/1,3147.228027,3154.781006,3092.092041,3103.038086,3103.038086,672200
2017/5/8,3090.064941,3093.451904,3016.531006,3083.512939,3083.512939,827400
2017/5/15,3085.931885,3119.582031,3060.533936,3090.631104,3090.631104,756400
2017/5/22,3087.170898,3120.663086,3022.302979,3110.059082,3110.059082,819100
2017/5/29,3125.324951,3143.279053,3081.849121,3105.540039,3105.540039,458500
2017/6/5,3102.110107,3165.919922,3078.787109,3158.399902,3158.399902,731600
2017/6/12,3149.5271,3164.949951,3117.083984,3123.166016,3123.166016,690000
2017/6/19,3122.157959,3186.981934,3118.094971,3157.873047,3157.873047,758900
2017/6/26,3157.001953,3193.460938,3156.977051,3192.427002,3192.427002,718600
2017/7/3,3191.998047,3219.522949,3174.313965,3217.957031,3217.957031,782200
2017/7/10,3208.462891,3226.907959,3177.935059,3222.416992,3222.416992,929000
2017/7/17,3219.791016,3247.711914,3139.503906,3237.981934,3237.981934,1167300
2017/7/24,3230.897949,3264.8479,3220.636963,3253.23999,3253.23999,1062900
2017/7/31,3252.751953,3305.430908,3251.194092,3262.081055,3262.081055,1259100
2017/8/7,3257.669922,3285.48291,3200.748047,3208.541016,3208.541016,1222500
2017/8/14,3206.043945,3275.075928,3206.043945,3268.724121,3268.724121,944200
2017/8/21,3274.581055,3331.915039,3266.358887,3331.521973,3331.521973,921700
2017/8/28,3336.125977,3381.925049,3336.125977,3367.118896,3367.118896,1240800
2017/9/4,3369.718994,3391.010986,3353.687988,3365.24292,3365.24292,1124600
2017/9/11,3365.351074,3391.644043,3345.327881,3353.618896,3353.618896,1127600
2017/9/18,3352.512939,3377.884033,3334.985107,3352.529053,3352.529053,950200
2017/9/25,3344.589111,3357.014893,3332.599121,3348.943115,3348.943115,739600
2017/10/2,null,null,null,null,null,null
2017/10/9,3403.246094,3410.169922,3358.794922,3390.522949,3390.522949,854400
2017/10/16,3393.206055,3400.510986,3359.62793,3378.647949,3378.647949,742600
2017/10/23,3382.280029,3421.103027,3374.125,3416.812012,3416.812012,747900
2017/10/30,3413.86792,3419.731934,3347.360107,3371.743896,3371.743896,882000
2017/11/6,3369.685059,3438.791992,3356.533936,3432.673096,3432.673096,878600
2017/11/13,3435.184082,3450.495117,3373.295898,3382.907959,3382.907959,976900
2017/11/20,3361.355957,3442.177979,3328.333984,3353.821045,3353.821045,955400
2017/11/27,3346.656982,3347.051025,3300.781006,3317.616943,3317.616943,784200
2017/12/4,3310.381104,3323.996094,3254.611084,3289.991943,3289.991943,773300
2017/12/11,3290.488037,3322.674072,3259.387939,3266.136963,3266.136963,620000
2017/12/18,3268.033936,3309.2229,3254.177979,3297.062988,3297.062988,639600
2017/12/25,3296.210938,3312.300049,3263.728027,3307.172119,3307.172119,764600
2018/1/1,3314.031006,3402.069092,3314.031006,3391.75,3391.75,836200
2018/1/8,3391.552979,3435.424072,3384.559082,3428.940918,3428.940918,984700
2018/1/15,3428.950928,3498.434082,3401.960938,3487.864014,3487.864014,1172000
2018/1/22,3476.993896,3574.905029,3475.673096,3558.128906,3558.128906,1175300
2018/1/29,3563.639893,3587.031982,3388.860107,3462.081055,3462.081055,1098300
2018/2/5,3411.669922,3487.720947,3062.74292,3129.851074,3129.851074,1216900
2018/2/12,3128.371094,3219.217041,3113.60498,3199.158936,3199.158936,405100
2018/2/19,3237.569092,3294.134033,3234.11499,3289.023926,3289.023926,284500
2018/2/26,3307.294922,3335.986084,3228.584961,3254.528076,3254.528076,823800
2018/3/5,3255.871094,3309.715088,3236.717041,3307.166016,3307.166016,827100
2018/3/12,3319.208984,3333.875,3269.282959,3269.88208,3269.88208,830900
2018/3/19,3264.927979,3314.208984,3110.664063,3152.760986,3152.760986,872200
2018/3/26,3117.319092,3177.720947,3091.458008,3168.896973,3168.896973,863900
2018/4/2,3169.779053,3192.340088,3119.13208,3131.111084,3131.111084,476900
2018/4/9,3125.441895,3220.844971,3110.302979,3159.052002,3159.052002,759500
2018/4/16,3152.887939,3153.105957,3041.625,3071.542969,3071.542969,776100
2018/4/23,3063.443115,3136.040039,3045.937012,3082.231934,3082.231934,686500
2018/4/30,3087.408936,3105.659912,3056.156982,3091.032959,3091.032959,392900
2018/5/7,3094.898926,3180.756104,3091.657959,3163.262939,3163.262939,672100
2018/5/14,3167.041992,3193.452881,3144.775879,3193.302979,3193.302979,634800
2018/5/21,3206.176025,3219.73999,3131.068115,3141.302979,3141.302979,719300
2018/5/28,3136.809082,3149.665039,3041,3075.136963,3075.136963,690000
2018/6/4,3083.427002,3128.715088,3053.288086,3067.147949,3067.147949,616000
2018/6/11,3057.339111,3081.447021,3008.731934,3021.900879,3021.900879,601500
2018/6/18,2982.649902,2984.970947,2837.144043,2889.76001,2889.76001,655400
2018/6/25,2903.449951,2908.624023,2782.381104,2847.417969,2847.417969,621300
2018/7/2,2841.580078,2845.679932,2691.020996,2747.229004,2747.229004,668300
2018/7/9,2752.447021,2844.193115,2752.435059,2831.184082,2831.184082,630100
2018/7/16,2827.082031,2837.862061,2753.840088,2829.270996,2829.270996,594600
2018/7/23,2815.200928,2915.297119,2809.615967,2873.593994,2873.593994,885600
2018/7/30,2871.939941,2897.399902,2726.48291,2740.443115,2740.443115,721300
2018/8/6,2736.525879,2806.11499,2692.322021,2795.310059,2795.310059,700300
2018/8/13,2769.01709,2789.798096,2665.592041,2668.966064,2668.966064,586000
2018/8/20,2673.065918,2748.823975,2653.112061,2729.430908,2729.430908,517000
2018/8/27,2736.319092,2791.389893,2710.537109,2725.25,2725.25,567600
2018/9/3,2716.404053,2756.606934,2683.718994,2702.301025,2702.301025,522700
2018/9/10,2698.010986,2703.428955,2647.169922,2681.643066,2681.643066,500800
2018/9/17,2671.291016,2797.485107,2644.295898,2797.485107,2797.485107,615000
2018/9/24,2775.065918,2827.341064,2771.159912,2821.350098,2821.350098,509900
2018/10/1,null,null,null,null,null,null
2018/10/8,2768.208008,2771.937988,2536.665039,2606.913086,2606.913086,747100
2018/10/15,2605.912109,2611.968994,2449.197021,2550.465088,2550.465088,640700
2018/10/22,2565.644043,2675.406006,2531.534912,2598.846924,2598.846924,871200
2018/10/29,2593.591064,2676.476074,2521.783936,2676.476074,2676.476074,907400
2018/11/5,2665.427002,2675.677002,2598.160889,2598.87207,2598.87207,842700
2018/11/12,2593.199951,2695.569092,2590.210938,2679.110107,2679.110107,1112700
2018/11/19,2681.898926,2703.511963,2577.351074,2579.48291,2579.48291,971000
2018/11/26,2580.842041,2617.548096,2555.322021,2588.187988,2588.187988,700500
2018/12/3,2647.13208,2666.077881,2599.278076,2605.887939,2605.887939,780700
2018/12/10,2589.194092,2645.836914,2576.241943,2593.740967,2593.740967,614600
2018/12/17,2587.262939,2599.147949,2498.694092,2516.250977,2516.250977,578400
2018/12/24,2506.737061,2532.001953,2462.844971,2493.895996,2493.895996,597200
